id,first_name,last_name,email,gender,ip_address
1,Petey,Lideard,plideard0@latimes.com,Male,111.254.85.40
,Marge,Bousfield,mbousfield1@statcounter.com,Polygender,89.188.28.243
3,Ingeberg,MacGaughie,imacgaughie2@infoseek.co.jp,Female,53.107.192.107
4,Dunn,Potier,dpotier3@engadget.com,Male,206.60.235.137
5,Leslie,Luten,lluten4@walmart.com,Female,58.97.167.235
6,Silvain,Rowson,srowson5@admin.ch,Male,159.58.94.206
7,Florencia,Fawson,ffawson6@unc.edu,Female,166.181.243.154
8,Gaynor,,gphillips7@pen.io,Female,140.74.255.215
9,Sampson,Lynnitt,,Male,150.134.79.232
10,Willard,Binstead,wbinstead9@pagesperso-orange.fr,Male,108.92.180.230
11,Lianna,Mouatt,lmouatta@fastcompany.com,Female,180.143.34.56
12,Pansy,Simionato,psimionatob@histats.com,Female,255.163.201.79
13,Juana,Checklin,jchecklinc@sphinn.com,Female,134.136.78.224
14,,Tatlock,ttatlockd@indiegogo.com,Female,45.33.4.241
15,,Cabral,tcabrale@devhub.com,Male,6.1.69.149
16,Olag,Helleckas,ohelleckasf@eventbrite.com,Male,235.93.86.252
,Riobard,Randalston,rrandalstong@hc360.com,Male,46.213.87.63
18,Horst,,hmansfordh@ox.ac.uk,Male,125.228.197.41
19,De witt,Mallon,dmalloni@ehow.com,Male,15.56.173.194
,Misti,Arnley,marnleyj@apple.com,Female,11.72.179.143
21,Leese,Feaks,lfeaksk@geocities.jp,Genderfluid,220.117.244.118
22,Mikkel,Ible,miblel@narod.ru,Male,200.231.86.250
23,Esmaria,O' Mahony,eomahonym@ucla.edu,Genderfluid,81.72.114.103
24,Libby,Banaszewski,lbanaszewskin@plala.or.jp,Genderfluid,143.252.4.11
,Lizzie,Belchambers,lbelchamberso@ihg.com,Female,201.119.149.244
26,Normy,Jiggins,njigginsp@godaddy.com,Male,56.116.16.70
27,Lulita,Tante,,Female,161.174.183.169
28,Angy,Gormally,agormallyr@aol.com,Female,203.204.54.43
29,,Boichat,dboichats@microsoft.com,Male,155.206.104.32
30,Meghan,Orry,morryt@wikispaces.com,Female,114.193.214.76
31,Tucky,Chatband,tchatbandu@goo.gl,Male,62.7.219.59
,,Carlos,mcarlosv@biblegateway.com,Female,229.219.34.17
33,Orsa,Mapston,omapstonw@sciencedirect.com,Bigender,109.86.43.17
34,Joice,Millimoe,jmillimoex@google.es,Female,153.43.158.57
35,Addison,Ausiello,aausielloy@dmoz.org,Male,41.39.119.249
36,Della,Sothern,dsothernz@un.org,Female,24.246.223.70
,Prent,Adriaan,padriaan10@dailymail.co.uk,Male,197.47.149.40
38,Russell,,rveitch11@sitemeter.com,Male,98.245.34.83
39,Daren,Tugwell,dtugwell12@e-recht24.de,Male,32.240.162.123
40,Daffi,Perle,dperle13@eepurl.com,Female,68.166.19.155
41,Minnaminnie,Sotheby,msotheby14@themeforest.net,Female,75.112.130.166
42,Hermina,Savins,hsavins15@themeforest.net,Female,228.60.91.242
,Lurline,,ldabel16@ocn.ne.jp,Female,251.69.248.65
44,Dorey,Lucius,dlucius17@lulu.com,Male,166.53.180.166
45,Ximenez,Gynni,xgynni18@qq.com,Male,98.216.33.228
46,Jonas,Lorkins,jlorkins19@goo.gl,Agender,108.201.38.179
47,Berty,Croy,bcroy1a@homestead.com,Male,229.29.204.125
48,Jamesy,Feye,jfeye1b@liveinternet.ru,Male,71.181.68.16
,Gabbie,Kaemena,gkaemena1c@over-blog.com,Male,25.97.134.123
50,Tamarra,Usherwood,tusherwood1d@nytimes.com,Female,223.224.39.31
51,Jolee,McLauchlin,,Female,137.160.239.40
52,Honey,,hhelin1f@vistaprint.com,Female,3.107.207.214
53,Manon,Creedland,mcreedland1g@sciencedaily.com,Agender,241.143.223.233
,Gertrud,Brokenshaw,gbrokenshaw1h@blinklist.com,Female,249.237.238.180
55,Ruby,Webborn,rwebborn1i@reuters.com,Male,19.56.208.169
56,Alvie,Stollenberg,astollenberg1j@taobao.com,Male,238.210.32.46
57,Gabriellia,Tod,gtod1k@alexa.com,Female,201.18.204.191
58,,Brody,,Bigender,211.101.205.17
59,Gusty,Fawthorpe,gfawthorpe1m@sun.com,Female,236.200.146.160
60,Hobey,Dreger,hdreger1n@unicef.org,Male,73.12.216.171
61,Abbot,,aleftley1o@infoseek.co.jp,Male,169.213.154.153
62,Dacia,Falco,dfalco1p@intel.com,Female,34.27.130.89
63,Evita,Abeles,eabeles1q@ibm.com,Female,250.253.167.159
64,Silas,Pulley,spulley1r@comcast.net,Male,50.106.237.155
65,,Tench,jtench1s@com.com,Male,66.250.168.74
66,Tallou,Coopper,tcoopper1t@wp.com,Female,92.83.8.212
67,Renado,Ceeley,rceeley1u@google.cn,Male,15.183.175.84
68,Tobe,Bampfield,tbampfield1v@intel.com,Non-binary,180.248.126.180
69,Lois,Hulburt,lhulburt1w@gizmodo.com,Female,218.126.185.122
70,Langston,Franz,lfranz1x@so-net.ne.jp,Male,92.173.48.255
71,Darwin,Galpen,dgalpen1y@arstechnica.com,Male,133.90.86.201
72,Aline,Cardus,acardus1z@mashable.com,Female,211.86.15.106
73,Ruthy,Abberley,,Female,51.11.15.0
74,Gaston,Ricardou,gricardou21@youku.com,Male,109.221.190.66
75,Hatty,Birkenshaw,hbirkenshaw22@github.io,Female,213.140.76.233
76,,Fautley,afautley23@fc2.com,Male,100.11.44.41
77,,Vobes,nvobes24@businessweek.com,Female,49.196.177.9
78,Dasya,Cesconi,dcesconi25@meetup.com,Female,23.66.154.98
79,Gerri,Sutor,gsutor26@gov.uk,Male,86.0.204.249
80,Cathleen,Beauly,cbeauly27@foxnews.com,Female,184.122.211.247
81,Ancell,,anudde28@businessinsider.com,Male,199.51.199.47
82,Erika,Adshede,eadshede29@domainmarket.com,Female,248.101.157.39
83,Kathie,Dugdale,,Female,201.223.2.254
84,Margareta,Moutray Read,mmoutrayread2b@twitter.com,Female,237.208.118.124
85,Eugenio,Ternault,eternault2c@house.gov,Male,40.219.174.125
,Elset,Langton,elangton2d@flickr.com,Female,75.62.82.22
87,Charmian,Raffeorty,craffeorty2e@ustream.tv,Female,179.224.202.185
88,Walton,Compford,wcompford2f@dedecms.com,Male,128.92.1.82
89,Lizette,Beccero,lbeccero2g@independent.co.uk,Female,91.47.49.126
90,Anastasie,Tutill,atutill2h@sogou.com,Female,228.128.150.87
91,Clarence,Flaonier,cflaonier2i@craigslist.org,Genderfluid,249.175.117.70
92,,Burgyn,dburgyn2j@ustream.tv,Female,41.11.200.137
93,Merna,Imeson,mimeson2k@wikispaces.com,Female,243.207.93.213
94,Hamnet,Mitrovic,hmitrovic2l@booking.com,Male,36.47.166.98
95,Sargent,Moxley,smoxley2m@skyrock.com,Male,143.167.150.71
96,Kerwinn,Jowling,kjowling2n@auda.org.au,Male,74.204.114.180
97,Ardine,Audiss,aaudiss2o@vistaprint.com,Female,116.4.109.87
98,Yolanda,Tudball,ytudball2p@reverbnation.com,Female,149.84.191.76
99,Patric,Yarrell,pyarrell2q@washington.edu,Male,105.83.137.95
100,Denna,Bartocci,dbartocci2r@amazonaws.com,Female,11.222.28.121
101,,Pead,gpead2s@multiply.com,Female,101.247.1.119
102,Morissa,Mahaddy,,Female,236.14.0.224
103,Melvin,Rainard,mrainard2u@hibu.com,Male,75.133.222.166
104,Hazlett,Hursthouse,hhursthouse2v@wordpress.com,Male,184.207.106.16
,Eydie,,eroache2w@google.de,Female,152.106.165.221
106,Mickey,Salack,msalack2x@wikia.com,Male,67.94.254.175
107,,,clowder2y@bravesites.com,Male,170.64.57.218
108,Loralee,Marzella,lmarzella2z@utexas.edu,Female,6.231.254.119
109,Kaitlyn,Clotworthy,kclotworthy30@trellian.com,Female,169.137.157.32
110,Emelia,,ebarstowk31@prweb.com,Female,127.208.42.26
111,Sherri,Pardew,spardew32@ow.ly,Female,89.0.192.220
112,Marc,Lammie,mlammie33@lycos.com,Male,255.243.145.252
113,Marne,,mdemitri34@alexa.com,Female,146.49.142.222
114,Arnie,Dincey,adincey35@walmart.com,Male,200.63.144.23
115,Cybil,Friberg,cfriberg36@hp.com,Female,26.60.116.3
116,,Morritt,lmorritt37@is.gd,Female,177.18.201.168
117,Myrle,Fanstone,,Female,184.240.115.51
,,McKeggie,jmckeggie39@domainmarket.com,Female,231.24.73.200
119,Jackquelin,Glaves,jglaves3a@wordpress.com,Female,38.56.186.194
120,,Lucey,jlucey3b@4shared.com,Female,174.226.183.207
121,Katie,Mander,kmander3c@github.com,Female,80.165.1.169
122,,Chisholme,gchisholme3d@hatena.ne.jp,Female,13.149.73.115
123,Umberto,Lanham,ulanham3e@i2i.jp,Male,55.148.168.234
124,Yulma,Skelding,yskelding3f@angelfire.com,Male,64.99.11.119
125,Trudy,Gaunson,tgaunson3g@comsenz.com,Female,73.79.50.75
126,Valentina,Hanretty,vhanretty3h@trellian.com,Female,19.237.38.65
127,Padraig,Clemon,pclemon3i@patch.com,Male,123.0.14.32
128,Brucie,Klich,bklich3j@ed.gov,Male,132.138.125.165
129,Chickie,Canaan,ccanaan3k@ezinearticles.com,Female,230.146.61.135
130,,Paragreen,cparagreen3l@sciencedirect.com,Female,206.234.132.78
131,Davon,Ciotti,dciotti3m@yelp.com,Male,72.152.66.175
132,Violet,Castanyer,vcastanyer3n@geocities.jp,Female,48.194.79.149
133,Corey,Nel,cnel3o@usa.gov,Male,168.208.56.187
134,Eldin,Alleburton,ealleburton3p@fema.gov,Male,230.241.151.129
135,Ruby,Busek,,Female,161.212.135.224
136,,Bradnocke,tbradnocke3r@amazon.co.jp,Female,255.194.164.244
137,Nelia,Rickardsson,nrickardsson3s@ezinearticles.com,Female,120.114.139.135
138,Fay,Fibbens,ffibbens3t@drupal.org,Female,180.229.64.154
139,Annelise,Trundler,atrundler3u@comcast.net,Female,140.218.177.204
140,Gregorius,Pearmine,gpearmine3v@hubpages.com,Male,119.89.82.76
141,,Bugge,mbugge3w@ning.com,Female,70.136.220.196
142,Hans,Gorman,hgorman3x@telegraph.co.uk,Male,185.227.172.223
143,Pennie,Acaster,pacaster3y@usgs.gov,Male,18.235.49.253
144,Kass,Cansfield,kcansfield3z@sfgate.com,Female,219.227.117.140
145,Kettie,Bolle,kbolle40@mlb.com,Female,150.149.106.228
146,Sacha,Hulls,shulls41@paypal.com,Female,15.224.89.107
147,Joscelin,Swayne,jswayne42@comcast.net,Female,157.177.73.215
148,Stavros,Peerless,speerless43@cargocollective.com,Male,248.244.138.196
149,,,imcgauhy44@com.com,Male,251.211.161.139
150,Leoine,Kestian,lkestian45@people.com.cn,Female,222.27.158.226
151,Neile,Branch,nbranch46@ft.com,Female,223.225.102.238
152,Mehetabel,Wilhelmy,mwilhelmy47@indiatimes.com,Female,47.235.188.58
,Lilian,Beavers,lbeavers48@google.com,Female,211.224.177.173
154,Diarmid,Ickeringill,dickeringill49@blogger.com,Male,233.42.98.55
155,Ruthann,Ashleigh,,Female,224.175.13.200
156,Mame,Jaksic,mjaksic4b@theguardian.com,Polygender,120.54.233.211
157,Shurlocke,Rosenthal,srosenthal4c@yandex.ru,Male,96.0.240.82
158,Rob,Duguid,rduguid4d@unesco.org,Genderqueer,222.71.150.153
159,,Roizin,rroizin4e@webnode.com,Male,226.156.147.78
160,Hurley,Barosch,hbarosch4f@ed.gov,Male,64.71.61.60
161,Tallou,Alexandre,talexandre4g@slideshare.net,Female,58.82.199.100
162,Caldwell,Badder,cbadder4h@oracle.com,Genderfluid,34.59.124.148
163,Chuck,Neesam,cneesam4i@odnoklassniki.ru,Male,231.33.29.140
164,Wyatan,Cathel,wcathel4j@mozilla.org,Male,237.44.154.42
165,Maressa,Eisak,meisak4k@webmd.com,Female,213.102.112.79
166,Milo,Ortelt,mortelt4l@technorati.com,Male,160.208.1.188
167,Patin,,padacot4m@accuweather.com,Male,159.35.13.93
168,Caralie,Cardno,,Agender,28.135.220.52
169,Micheal,Gildea,mgildea4o@t-online.de,Male,84.234.22.124
170,Stanislas,Truett,struett4p@geocities.com,Male,20.236.113.11
171,Calla,Marien,cmarien4q@netlog.com,Female,177.0.152.106
172,Evangeline,Fenck,,Female,53.125.111.128
173,Genovera,Brafferton,gbrafferton4s@twitter.com,Female,44.80.197.95
174,Lurette,Liccardo,lliccardo4t@twitter.com,Female,117.36.199.99
175,,Scough,jscough4u@paginegialle.it,Male,249.31.157.133
176,Robbert,MacChaell,rmacchaell4v@jigsy.com,Male,206.179.216.18
177,Saw,Varns,,Male,87.229.170.7
178,Rene,Lippatt,,Polygender,233.33.114.240
179,Anselm,Ottley,aottley4y@cbsnews.com,Agender,128.192.177.140
180,Justine,Hundey,jhundey4z@addtoany.com,Female,61.41.218.71
181,Justus,Shelford,jshelford50@arstechnica.com,Male,159.52.110.70
182,Ruthanne,Lampens,rlampens51@cloudflare.com,Female,161.41.45.97
,Alysia,Colleford,acolleford52@is.gd,Female,165.240.166.172
184,Devora,Emblin,,Female,255.108.74.112
185,Lukas,Eilhart,leilhart54@blogs.com,Male,144.104.85.9
186,,Haldenby,chaldenby55@vistaprint.com,Female,132.88.91.244
187,Melloney,Allchorn,mallchorn56@uiuc.edu,Genderqueer,146.139.44.35
188,,Middlemiss,cmiddlemiss57@prlog.org,Female,92.123.14.215
,Cynthie,Sirmon,csirmon58@slashdot.org,Female,131.60.32.53
190,,Hadeke,ihadeke59@mac.com,Female,187.202.163.195
191,Walsh,,wmerriton5a@cnn.com,Male,111.130.75.204
192,Mikol,Thon,mthon5b@scientificamerican.com,Male,234.1.135.70
193,Shirl,Ksandra,sksandra5c@google.es,Female,171.213.196.148
194,Atalanta,MacAughtrie,amacaughtrie5d@zimbio.com,Female,155.251.162.65
195,Sibel,Lyvon,slyvon5e@hexun.com,Female,111.136.220.93
196,Priscilla,Bapty,pbapty5f@drupal.org,Female,234.19.229.213
197,Andee,,acockney5g@eventbrite.com,Female,168.23.94.177
198,Carson,Mallaby,cmallaby5h@miibeian.gov.cn,Male,44.67.116.140
199,Fanchette,Spon,,Female,231.194.127.254
200,,Nolin,hnolin5j@cyberchimps.com,Genderqueer,199.202.26.195
201,Tammie,Siaskowski,tsiaskowski5k@epa.gov,Female,46.150.5.30
202,Tim,Dugmore,tdugmore5l@sitemeter.com,Male,68.27.48.191
203,Brantley,,bjefferies5m@blogspot.com,Male,22.78.92.222
204,,Bediss,ebediss5n@narod.ru,Male,179.221.156.101
205,Genny,Ferreri,gferreri5o@edublogs.org,Female,179.12.92.238
206,Teodoro,Noyce,tnoyce5p@bravesites.com,Male,85.83.163.219
207,Aleksandr,Josilowski,ajosilowski5q@quantcast.com,Male,83.90.74.130
208,Aldo,Petric,apetric5r@imgur.com,Male,21.189.6.11
209,Levi,Gibb,lgibb5s@globo.com,Male,58.207.111.203
,Nicolai,,,Male,142.27.195.69
211,Cody,,ckaret5u@independent.co.uk,Female,29.150.194.106
212,Aleda,Nisius,anisius5v@shinystat.com,Female,62.219.202.124
213,Kiersten,Bosma,kbosma5w@latimes.com,Female,5.90.143.39
214,Wyndham,Jaffra,wjaffra5x@live.com,Male,144.18.160.54
215,,Polet,wpolet5y@wufoo.com,Female,126.253.62.158
216,Tiffi,Manuello,tmanuello5z@java.com,Female,44.13.91.75
217,Brandise,Erickson,berickson60@stanford.edu,Female,154.237.25.145
218,Dru,Tschersich,dtschersich61@va.gov,Male,195.219.243.181
219,Drucy,Bearcroft,dbearcroft62@plala.or.jp,Female,31.164.225.186
220,Ezra,McMackin,emcmackin63@un.org,Agender,70.53.115.141
221,Arney,Dalzell,adalzell64@hubpages.com,Male,92.74.22.7
222,Kara,Hebblethwaite,khebblethwaite65@woothemes.com,Female,105.142.189.115
223,Jens,Edmonds,jedmonds66@howstuffworks.com,Male,191.193.191.34
224,Derek,Bolduc,dbolduc67@thetimes.co.uk,Male,147.89.232.55
225,Evangelia,Verdie,everdie68@topsy.com,Female,16.94.104.61
226,Winifield,Welband,wwelband69@squidoo.com,Male,98.109.168.77
227,Scarlet,Marsham,smarsham6a@liveinternet.ru,Female,54.75.91.165
228,Lynn,Rospars,lrospars6b@nyu.edu,Male,8.8.72.21
229,Clark,Torry,ctorry6c@discovery.com,Genderfluid,86.152.141.24
230,Ruttger,Brabben,rbrabben6d@reference.com,Male,75.42.45.60
231,Betsey,Spickett,bspickett6e@networkadvertising.org,Female,85.90.42.254
232,Wes,Jestico,wjestico6f@washingtonpost.com,Male,185.40.40.114
233,Evyn,Rivallant,erivallant6g@printfriendly.com,Bigender,22.250.53.65
234,,Pryor,gpryor6h@cdc.gov,Female,254.52.105.45
235,Deck,Dunphie,ddunphie6i@dailymotion.com,Male,140.84.220.96
236,Jeno,,jlissenden6j@ucla.edu,Male,59.211.220.84
237,Fredrick,Hugland,fhugland6k@fastcompany.com,Male,57.28.12.174
238,Chadd,Brittan,cbrittan6l@oracle.com,Male,197.207.117.68
239,Tomi,Jaukovic,tjaukovic6m@wordpress.org,Female,136.82.30.89
240,Jeffrey,Roskilly,jroskilly6n@cafepress.com,Male,34.156.91.8
241,Michelina,,mmcgiven6o@china.com.cn,Female,93.52.47.223
242,Jessa,Diggons,jdiggons6p@4shared.com,Bigender,153.186.238.246
243,Bink,Creech,bcreech6q@smugmug.com,Male,20.190.69.51
244,Ransell,Soots,rsoots6r@google.co.uk,Male,127.149.197.85
245,Rubi,McCrow,rmccrow6s@symantec.com,Female,181.12.24.108
246,Carlie,,cabramson6t@yolasite.com,Male,25.34.84.229
247,Nanine,Pardoe,npardoe6u@chronoengine.com,Female,198.52.200.252
248,Ingaberg,,ipoyzer6v@plala.or.jp,Polygender,32.252.199.210
249,Nicolina,Harris,nharris6w@ted.com,Female,178.59.109.90
250,Dolley,De Meyer,ddemeyer6x@loc.gov,Female,246.175.139.106
251,Mauricio,,mbuckney6y@tripod.com,Male,47.88.82.245
252,Louis,Sparwell,lsparwell6z@cam.ac.uk,Male,80.200.14.145
253,Lauree,Mussington,lmussington70@kickstarter.com,Female,133.213.67.211
254,Devora,Easom,deasom71@xinhuanet.com,Female,34.120.88.60
255,Amabelle,Curtoys,acurtoys72@google.nl,Female,66.161.160.237
256,,Asty,rasty73@indiegogo.com,Female,97.34.154.119
257,Esta,Sheer,esheer74@squidoo.com,Female,65.253.218.168
258,Carita,Coxhell,ccoxhell75@webeden.co.uk,Female,117.104.72.174
259,Jillene,Brackstone,jbrackstone76@who.int,Female,17.105.39.215
260,Aubry,Showte,ashowte77@newyorker.com,Female,148.175.175.28
261,Wilt,Corbie,wcorbie78@youtube.com,Male,100.4.30.11
262,Juliette,O'Drought,jodrought79@illinois.edu,Female,88.237.191.88
263,Gus,Tal,gtal7a@shinystat.com,Male,21.135.179.143
,Crysta,Dietz,cdietz7b@exblog.jp,Female,155.129.129.104
265,Gwenneth,Fitzpatrick,gfitzpatrick7c@bizjournals.com,Non-binary,29.140.210.107
266,,Rieflin,jrieflin7d@nydailynews.com,Female,181.83.20.60
267,,Arnaudet,tarnaudet7e@google.com.au,Male,55.15.153.57
268,Con,Faunch,cfaunch7f@diigo.com,Female,209.50.148.197
269,Norbie,,noene7g@nifty.com,Male,216.102.124.240
270,Maddi,Casterou,mcasterou7h@shutterfly.com,Female,213.181.198.70
,Humbert,,hcleghorn7i@answers.com,Male,123.193.221.240
272,Enrique,Wattins,,Male,28.70.110.2
273,Marwin,Farrington,mfarrington7k@mail.ru,Male,40.189.176.131
274,Cross,,chayers7l@nsw.gov.au,Male,98.84.154.248
275,,Fisher,tfisher7m@furl.net,Bigender,217.240.126.33
,Deanne,Michin,dmichin7n@is.gd,Female,236.39.41.26
277,Locke,McGraw,lmcgraw7o@cornell.edu,Male,103.88.131.14
278,Elfie,Symons,esymons7p@wikimedia.org,Female,248.71.2.99
279,Wolfy,O'Quin,woquin7q@weibo.com,Male,78.154.0.147
280,Carly,Plumbe,cplumbe7r@dropbox.com,Female,237.111.17.59
281,,Atlee,watlee7s@topsy.com,Female,122.57.216.239
282,Gabi,Cabel,gcabel7t@angelfire.com,Male,212.195.117.156
283,Ashley,Headey,aheadey7u@tumblr.com,Female,184.184.147.220
284,Anjanette,Tettley,atettley7v@uol.com.br,Female,99.30.198.118
285,Vale,Cordelle,vcordelle7w@phoca.cz,Male,209.63.57.99
286,Rudy,Kewish,rkewish7x@vinaora.com,Male,131.57.178.228
287,Sherill,,ssutch7y@slate.com,Genderqueer,248.80.253.63
288,Sianna,Weinmann,sweinmann7z@photobucket.com,Female,44.4.239.196
289,Cori,Grishin,cgrishin80@phoca.cz,Male,100.254.133.227
290,Whit,Couth,wcouth81@accuweather.com,Male,97.198.247.57
291,Enrichetta,Thurgood,ethurgood82@goo.ne.jp,Female,255.35.182.68
292,Faulkner,Van Arsdall,fvanarsdall83@storify.com,Male,102.223.144.0
293,,Soldi,jsoldi84@va.gov,Female,206.6.170.38
294,,Rosendall,irosendall85@live.com,Male,249.199.204.166
295,Perl,,pboncore86@rambler.ru,Genderqueer,90.94.236.138
296,Thurston,Maxsted,tmaxsted87@sina.com.cn,Male,5.117.19.47
297,Josee,Wisdish,jwisdish88@i2i.jp,Female,85.83.69.85
298,Natty,Crichmer,ncrichmer89@va.gov,Female,33.194.132.246
299,Bern,Sollime,bsollime8a@hostgator.com,Male,132.112.45.142
300,,Hatrey,,Male,221.153.195.160
301,Demeter,Pawlaczyk,dpawlaczyk8c@ucla.edu,Female,86.59.55.163
302,Neils,Luisetti,nluisetti8d@skype.com,Male,159.135.252.99
303,Conny,Bagwell,cbagwell8e@ameblo.jp,Female,120.236.141.6
304,Joelle,Beven,jbeven8f@loc.gov,Female,198.137.6.254
305,Netty,Straughan,nstraughan8g@usgs.gov,Female,101.3.60.166
306,Kareem,Gofforth,kgofforth8h@theglobeandmail.com,Male,91.126.79.18
307,Marwin,Miche,mmiche8i@w3.org,Male,166.19.156.207
308,Gustave,,gkief8j@mail.ru,Male,50.159.126.172
309,Darin,Baudin,dbaudin8k@about.com,Male,106.118.134.228
310,Mason,Shew,mshew8l@facebook.com,Male,207.16.232.233
,Jillane,Egger,jegger8m@si.edu,Female,204.62.196.247
,Wallis,Boyall,wboyall8n@nbcnews.com,Male,143.217.142.133
313,Bernarr,McFetridge,bmcfetridge8o@google.fr,Male,0.68.118.15
314,Anallise,Hubbold,ahubbold8p@google.es,Female,84.74.23.148
315,,Danilewicz,rdanilewicz8q@paypal.com,Male,90.16.23.33
316,,Luckey,eluckey8r@nytimes.com,Male,124.63.131.75
317,Isidora,Sillick,isillick8s@psu.edu,Female,245.128.18.153
318,Noah,Alekseev,nalekseev8t@example.com,Male,69.143.221.74
319,Lynnelle,,lmessam8u@blogtalkradio.com,Female,196.217.249.240
320,Felike,Paoloni,fpaoloni8v@mysql.com,Male,73.219.128.232
321,Katinka,Veelers,kveelers8w@sitemeter.com,Agender,154.158.254.29
322,,Light,rlight8x@cpanel.net,Female,146.217.183.115
323,Lorilee,Esch,lesch8y@wunderground.com,Female,87.181.22.55
324,Hedvige,Jeannel,hjeannel8z@sogou.com,Female,1.93.132.12
325,Dina,Rosborough,drosborough90@google.ru,Female,169.232.58.13
326,Chev,McDirmid,cmcdirmid91@issuu.com,Male,194.57.201.120
327,Lily,Dyde,ldyde92@wikimedia.org,Genderfluid,148.8.160.152
328,Preston,Geertje,pgeertje93@free.fr,Male,148.82.251.102
329,Alidia,Boreham,aboreham94@shutterfly.com,Female,131.177.26.116
330,,Wyre,jwyre95@newyorker.com,Female,218.152.35.111
331,Raviv,Diplock,rdiplock96@typepad.com,Male,37.145.88.161
332,Richard,Way,rway97@wisc.edu,Male,88.228.147.79
333,Jeanne,Collman,jcollman98@miitbeian.gov.cn,Female,129.114.7.245
334,,Liggett,cliggett99@joomla.org,Female,194.196.253.254
335,Cad,Lacasa,,Male,215.130.117.74
336,Rozanne,Weich,rweich9b@admin.ch,Female,69.159.104.64
337,Nevile,Stitcher,nstitcher9c@hugedomains.com,Non-binary,133.127.197.238
338,Andrea,Emlen,aemlen9d@tripadvisor.com,Male,112.49.12.46
339,Todd,Lode,tlode9e@nsw.gov.au,Male,6.122.141.230
340,Sara,Crosscombe,scrosscombe9f@webmd.com,Female,75.26.53.107
341,Pascal,Hulke,phulke9g@hud.gov,Male,79.89.136.220
342,Sutherland,Thorowgood,sthorowgood9h@odnoklassniki.ru,Male,89.51.233.121
343,Rosalind,,rchoffin9i@bbb.org,Female,133.142.180.71
344,Reamonn,Neligan,rneligan9j@jiathis.com,Male,110.74.156.172
345,Isabelita,Bottom,ibottom9k@intel.com,Female,81.237.93.27
346,,Cranstone,dcranstone9l@arstechnica.com,Male,150.193.85.159
347,Richmond,Gosnoll,rgosnoll9m@latimes.com,Male,48.107.249.47
348,Kare,Dunbar,kdunbar9n@gmpg.org,Female,124.144.182.91
349,Corbet,,cwakeley9o@woothemes.com,Male,170.105.192.78
350,Bea,Klosser,bklosser9p@netlog.com,Female,158.67.125.20
351,Jeramey,,jmiddle9q@flickr.com,Male,77.49.40.244
352,Belinda,Lydiate,blydiate9r@sciencedaily.com,Female,206.202.94.247
353,Bethanne,Oxborrow,boxborrow9s@quantcast.com,Female,88.177.43.141
354,,Hassin,ihassin9t@google.pl,Female,54.145.181.175
355,Marylynne,Revell,mrevell9u@accuweather.com,Female,196.239.60.175
356,Allegra,Kenworth,akenworth9v@reference.com,Female,163.126.220.175
357,,Caban,scaban9w@shareasale.com,Male,184.205.38.22
358,,Nicholson,jnicholson9x@trellian.com,Male,86.149.163.76
359,Abeu,Demaine,ademaine9y@exblog.jp,Male,196.201.14.88
360,,,rpembridge9z@apple.com,Male,234.13.229.150
361,Bale,Flowerdew,bflowerdewa0@about.me,Male,192.124.216.13
362,Loree,Saby,lsabya1@ifeng.com,Female,189.220.93.8
363,Dora,Sharpe,dsharpea2@cocolog-nifty.com,Female,28.211.251.240
364,Harald,,hickovitza3@mashable.com,Male,57.27.231.144
365,Padraic,Girtin,pgirtina4@webeden.co.uk,Male,205.80.3.188
366,Randal,Westley,rwestleya5@ifeng.com,Male,4.181.135.16
367,Hillier,Selcraig,hselcraiga6@vinaora.com,Male,11.246.76.123
368,Jeramie,Sirmon,jsirmona7@japanpost.jp,Male,39.21.142.169
369,Mirabel,,mmcardella8@51.la,Female,39.31.38.133
370,Dora,Levins,dlevinsa9@opensource.org,Female,195.16.220.21
371,Frazer,Tidd,ftiddaa@booking.com,Male,232.18.10.107
372,Rycca,Partener,rpartenerab@nsw.gov.au,Polygender,26.59.12.28
373,Marchelle,Leneve,mleneveac@tiny.cc,Female,146.194.83.124
374,,,heglintonad@smugmug.com,Male,232.91.244.192
375,Upton,Castaneda,ucastanedaae@xinhuanet.com,Male,204.160.65.213
376,Coriss,McCowen,cmccowenaf@japanpost.jp,Female,126.217.91.17
,Aubree,Duffit,aduffitag@patch.com,Female,146.223.216.250
,,Chicken,kchickenah@symantec.com,Male,112.219.139.50
379,Charleen,Grimshaw,cgrimshawai@posterous.com,Female,245.210.156.136
380,,Rock,mrockaj@nature.com,Male,112.237.84.145
381,Stanwood,Deme,sdemeak@census.gov,Male,76.46.2.161
382,Cecil,Pietzner,cpietzneral@dyndns.org,Female,195.126.69.94
383,Christy,Jatczak,cjatczakam@ifeng.com,Male,137.101.118.156
384,Stanley,Milam,smilaman@xinhuanet.com,Male,231.100.74.170
385,Aubry,,akenawayao@blog.com,Female,96.45.145.49
386,Dwayne,Chilver,,Non-binary,127.166.117.13
387,Terrance,Hacket,thacketaq@de.vu,Male,107.195.189.72
388,Carmelina,Bader,cbaderar@constantcontact.com,Female,192.214.33.24
389,Alard,Styche,astycheas@addtoany.com,Male,193.120.80.236
390,Jaquelin,Kinghorne,jkinghorneat@imdb.com,Female,200.220.69.156
391,Cecilius,Lethley,clethleyau@toplist.cz,Male,22.27.190.129
392,Baron,Antrum,,Male,73.254.253.246
393,Dieter,Schaumann,dschaumannaw@is.gd,Male,129.219.131.53
394,Valencia,Yonnie,vyonnieax@fastcompany.com,Female,74.18.197.51
395,Kirsteni,MacNeilly,kmacneillyay@latimes.com,Agender,136.40.232.114
396,Rowland,Inwood,rinwoodaz@un.org,Male,181.33.95.62
397,Mala,,mmcgillb0@infoseek.co.jp,Female,75.14.39.89
398,Marjory,Iacovone,miacovoneb1@dagondesign.com,Female,190.50.95.23
399,Nealon,Ingarfield,,Non-binary,207.247.62.64
400,Cathlene,,cmiroyb3@sogou.com,Female,213.154.205.247
401,Thomas,Furlonge,tfurlongeb4@ning.com,Male,145.118.189.15
402,Mozes,Schuck,mschuckb5@360.cn,Male,127.172.250.247
403,Arlen,Panketh,apankethb6@hexun.com,Female,200.222.105.11
404,Falkner,Philpot,fphilpotb7@creativecommons.org,Non-binary,224.251.69.250
405,Doug,Doblin,ddoblinb8@hc360.com,Male,82.18.149.3
406,Arron,Ramlot,aramlotb9@comcast.net,Male,171.95.152.129
407,Jolyn,Lake,jlakeba@wp.com,Female,255.49.49.160
408,Clerissa,Le Huquet,clehuquetbb@hexun.com,Female,188.69.104.154
409,Melodee,Sumsion,msumsionbc@theguardian.com,Genderfluid,228.33.135.202
410,Brittany,Danter,bdanterbd@upenn.edu,Female,177.142.17.65
411,Starlin,Demoge,sdemogebe@usda.gov,Female,179.39.123.88
412,Henrie,Wesgate,hwesgatebf@umich.edu,Female,172.68.135.176
413,Ebeneser,Dawley,,Male,238.71.238.13
414,Stevena,Molines,smolinesbh@about.com,Genderfluid,62.58.74.255
415,Siusan,Haward,shawardbi@wired.com,Female,242.168.197.132
416,Wenona,Tirte,wtirtebj@barnesandnoble.com,Female,83.237.130.83
,Emlyn,Kordes,ekordesbk@independent.co.uk,Female,240.89.146.199
418,Danna,Acome,dacomebl@dailymail.co.uk,Genderfluid,175.131.1.90
419,,Pankettman,apankettmanbm@google.com,Non-binary,147.244.238.177
420,Glen,Otson,gotsonbn@washington.edu,Bigender,8.5.76.121
421,Humfrey,Cooksey,hcookseybo@icq.com,Male,191.23.124.136
422,Hebert,Ginnally,hginnallybp@1und1.de,Male,150.112.209.89
423,,Traves,,Female,74.184.38.184
424,Shepperd,McEwan,smcewanbr@wired.com,Male,155.88.12.230
425,,Rosenberg,wrosenbergbs@nationalgeographic.com,Male,47.229.237.178
426,Allie,Nawton,anawtonbt@apple.com,Female,64.96.191.254
427,Archy,,abickbu@dot.gov,Male,80.85.41.105
428,Annamarie,MacMeeking,amacmeekingbv@economist.com,Female,238.205.39.36
429,Verile,Tibald,vtibaldbw@simplemachines.org,Female,179.137.186.153
430,Margette,,mivattsbx@themeforest.net,Female,156.175.231.226
431,Zabrina,Postle,zpostleby@webs.com,Female,165.229.243.221
432,Norbert,Skirvin,nskirvinbz@rakuten.co.jp,Male,173.121.65.112
433,Alano,Tomenson,atomensonc0@theguardian.com,Male,134.49.168.113
434,Eduino,Tomaskunas,etomaskunasc1@csmonitor.com,Male,167.222.31.227
435,Lorne,Rickard,lrickardc2@webeden.co.uk,Male,112.66.113.9
436,Laure,Robberts,lrobbertsc3@tmall.com,Female,88.67.169.130
437,Julieta,,jmcilvaneyc4@aboutads.info,Female,15.28.15.183
438,,Ancell,bancellc5@indiegogo.com,Male,148.149.73.136
439,Nerissa,Corbert,ncorbertc6@google.pl,Female,118.133.83.113
440,Wilek,Cantero,wcanteroc7@mayoclinic.com,Male,182.221.126.90
441,Petr,Hawkshaw,phawkshawc8@wikipedia.org,Male,66.66.246.138
442,Kassi,Surgeoner,ksurgeonerc9@myspace.com,Female,97.143.164.55
443,Miguel,Meekins,mmeekinsca@4shared.com,Male,111.88.62.23
444,Alis,Bilt,abiltcb@ca.gov,Female,202.169.63.47
445,,,rmingardcc@bbc.co.uk,Male,55.240.8.236
446,Florance,Fillis,ffilliscd@apple.com,Female,92.227.128.242
447,Gretchen,Winton,gwintonce@princeton.edu,Agender,154.10.205.16
448,Erhard,Harrad,eharradcf@google.es,Male,13.237.156.243
449,,,gdombcg@cafepress.com,Female,235.41.160.6
450,Aloise,Thairs,athairsch@123-reg.co.uk,Female,85.23.42.81
451,Farlee,Bohlens,fbohlensci@people.com.cn,Male,53.162.238.215
452,Dolorita,Mudie,dmudiecj@blinklist.com,Female,190.253.184.26
453,Franzen,Silkstone,fsilkstoneck@theglobeandmail.com,Male,7.180.126.46
454,Zerk,Terran,zterrancl@loc.gov,Male,152.192.109.198
455,Udell,Donovan,udonovancm@netscape.com,Male,52.239.160.238
456,,Bresner,lbresnercn@wp.com,Male,181.124.93.124
457,Jermain,Toma,jtomaco@aol.com,Male,152.96.3.75
458,Lock,,lbellengercp@google.cn,Male,185.217.233.30
459,Jedediah,,jlowthcq@linkedin.com,Male,10.41.208.143
460,Ezekiel,Troughton,etroughtoncr@sciencedaily.com,Male,161.152.234.74
461,Julianna,Dechelette,jdechelettecs@amazon.com,Female,214.12.92.30
462,Eamon,Corradengo,ecorradengoct@vinaora.com,Male,122.124.254.69
463,Hobart,Arias,,Male,237.138.240.143
464,Aland,Grishin,agrishincv@vkontakte.ru,Male,150.247.30.238
465,Marvin,Botham,mbothamcw@blog.com,Male,33.198.158.104
466,Paquito,Jevon,pjevoncx@posterous.com,Male,60.195.148.178
467,Jared,,jpinkstonecy@com.com,Male,153.62.114.206
468,Wynn,Frankton,wfranktoncz@ft.com,Non-binary,25.255.190.175
469,Mona,Lindenberg,mlindenbergd0@unesco.org,Female,233.172.237.85
470,Julie,Crickett,jcrickettd1@sciencedaily.com,Male,191.143.38.117
,Jandy,Rose,jrosed2@washingtonpost.com,Female,110.246.244.122
472,Clemmy,Joliffe,cjoliffed3@ocn.ne.jp,Female,104.98.175.9
473,Johnathon,Le Sarr,jlesarrd4@amazon.com,Male,134.119.148.192
474,Anet,Burndred,aburndredd5@npr.org,Female,157.151.245.107
475,Joseph,Gumey,jgumeyd6@1688.com,Male,86.102.179.7
476,Kaia,How to preserve,khowtopreserved7@wsj.com,Genderfluid,199.71.100.56
477,,Gianasi,ggianasid8@feedburner.com,Male,153.140.85.57
478,Jodie,Tomczak,jtomczakd9@baidu.com,Female,174.20.223.241
479,Cody,,cbarnhamda@samsung.com,Female,157.233.75.31
480,Seth,Kemmer,skemmerdb@state.gov,Male,26.149.147.136
481,Rik,Adkins,radkinsdc@google.pl,Male,243.64.179.251
482,Dina,Shields,dshieldsdd@stanford.edu,Female,26.109.215.77
483,Guenna,Crim,gcrimde@cam.ac.uk,Agender,153.20.102.130
484,,,tleapdf@pbs.org,Polygender,161.132.130.241
485,,Rojel,crojeldg@chron.com,Male,147.255.28.66
486,Coraline,Farquharson,cfarquharsondh@list-manage.com,Female,200.5.100.198
487,Dannel,Denham,ddenhamdi@admin.ch,Male,125.174.54.69
488,Nicolis,,nkennealydj@netscape.com,Male,66.180.96.215
489,Tansy,Bedbury,tbedburydk@pen.io,Female,121.14.168.165
490,,Freeland,bfreelanddl@newsvine.com,Female,62.163.29.198
491,Christyna,,ccorsandm@europa.eu,Female,132.34.223.44
492,Freeman,Avery,faverydn@cdbaby.com,Male,193.241.85.203
493,Darb,Yukhnev,dyukhnevdo@multiply.com,Male,217.151.53.212
494,George,Connue,,Female,121.187.180.28
495,Gert,Wanley,gwanleydq@harvard.edu,Female,115.248.180.189
496,Otto,Cutbirth,ocutbirthdr@g.co,Male,139.126.240.145
497,,Renny,,Male,22.176.152.114
498,Roslyn,Ferrari,,Female,58.185.175.131
,Julie,Sidry,jsidrydu@hexun.com,Male,143.209.167.110
500,Padriac,Martindale,pmartindaledv@smh.com.au,Male,163.134.48.68
501,Irita,Cotty,icottydw@princeton.edu,Female,164.43.111.245
502,Cristi,Gouldthorpe,cgouldthorpedx@google.pl,Female,214.98.85.171
503,Alphonse,Kamiyama,akamiyamady@buzzfeed.com,Male,161.197.65.88
504,Cornie,,cyellanddz@taobao.com,Male,182.132.139.36
505,Brianne,Fawson,bfawsone0@illinois.edu,Female,166.41.36.117
506,Renault,Moatt,rmoatte1@addtoany.com,Male,99.8.72.247
507,Malvin,,mleggette2@wix.com,Male,215.100.216.51
508,Bren,Baudrey,bbaudreye3@myspace.com,Male,21.93.154.115
509,Fawnia,Crosfeld,fcrosfelde4@sun.com,Female,224.98.45.86
510,Ches,Hendrickson,chendricksone5@admin.ch,Male,171.155.184.150
511,Winston,Yaneev,wyaneeve6@vinaora.com,Male,68.97.112.62
512,Grover,Petric,gpetrice7@people.com.cn,Male,247.254.168.139
513,,Glen,pglene8@themeforest.net,Female,42.72.192.242
514,Wenonah,Bang,wbange9@taobao.com,Female,200.106.172.140
515,Kiley,,kkersawea@cnn.com,Male,179.164.221.208
516,,Dunseath,ddunseatheb@mapquest.com,Genderqueer,55.168.45.80
517,Judas,Dockwra,jdockwraec@umn.edu,Male,243.220.217.28
518,,,lwoodsforded@tmall.com,Genderfluid,77.99.161.145
519,Nicko,Gossan,ngossanee@army.mil,Male,207.168.251.91
520,Ingeborg,Cardis,icardisef@odnoklassniki.ru,Female,244.1.76.82
521,Durand,Allberry,dallberryeg@engadget.com,Bigender,206.23.39.212
522,Frederica,Renard,frenardeh@blogspot.com,Female,122.20.25.128
523,Gaile,,gdowtryei@list-manage.com,Polygender,158.104.53.144
524,Emery,,,Bigender,203.69.119.138
525,Hughie,Upjohn,hupjohnek@mozilla.org,Male,47.120.110.239
526,Wyatt,Plumer,wplumerel@51.la,Male,189.233.125.26
527,Claudius,Edess,cedessem@networksolutions.com,Genderqueer,98.58.255.233
528,Faunie,Coleshill,fcoleshillen@nifty.com,Female,97.10.71.213
529,Vi,Blyth,vblytheo@tinyurl.com,Female,159.62.123.117
530,Zared,,zecclestonep@about.me,Male,1.46.12.136
531,Gracia,Jent,gjenteq@discovery.com,Female,239.43.185.93
532,Minni,Pepys,mpepyser@hubpages.com,Female,76.45.172.46
533,Connie,,cblazynskies@flickr.com,Male,220.21.208.46
534,Josephine,Heatlie,jheatlieet@istockphoto.com,Female,214.204.200.78
535,Ulric,Booler,uboolereu@wikipedia.org,Male,181.194.19.197
536,Currey,Mattussevich,cmattussevichev@deviantart.com,Male,134.120.215.248
,Rora,Berndtssen,,Female,229.89.120.189
538,Erda,,eleaneyex@nyu.edu,Female,115.112.242.90
539,Christel,Storr,cstorrey@hubpages.com,Female,249.212.104.93
540,,Antyukhin,santyukhinez@foxnews.com,Female,232.131.36.20
541,Ignace,Altham,ialthamf0@comsenz.com,Male,67.124.144.210
542,Kesley,Espinay,kespinayf1@livejournal.com,Non-binary,115.215.138.193
543,Shepherd,Eby,sebyf2@gnu.org,Male,229.52.88.42
544,Matilde,Baszniak,mbaszniakf3@umich.edu,Female,108.251.152.77
545,Roselin,Carreck,rcarreckf4@istockphoto.com,Female,220.62.51.90
546,Marcelle,Rizzotto,mrizzottof5@reverbnation.com,Female,146.91.63.255
547,Claudio,Piercey,cpierceyf6@youku.com,Male,42.28.84.27
548,Eydie,Antoniat,eantoniatf7@ezinearticles.com,Female,139.81.157.168
549,Hermione,Breddy,hbreddyf8@blogger.com,Female,235.161.80.142
550,Hew,Holah,hholahf9@wikimedia.org,Male,136.162.240.169
551,Lemmie,Dorling,ldorlingfa@ucoz.com,Male,116.206.28.73
552,Nani,Worg,nworgfb@tripadvisor.com,Female,161.38.107.97
553,Adams,O'Mara,aomarafc@networkadvertising.org,Male,81.221.50.157
554,Marguerite,Stooders,mstoodersfd@soundcloud.com,Non-binary,165.118.218.31
,Kennith,Beecham,kbeechamfe@sciencedirect.com,Male,193.29.20.87
556,Arabela,,,Female,177.235.163.174
557,Gabbi,Toulson,gtoulsonfg@google.com.br,Female,96.53.153.55
558,Benedicto,Venour,bvenourfh@photobucket.com,Male,42.145.204.121
559,Ned,McFeate,nmcfeatefi@mozilla.com,Male,223.14.249.106
560,Prue,Ick,pickfj@latimes.com,Female,255.10.251.44
561,Grady,Davydoch,gdavydochfk@techcrunch.com,Male,222.48.105.251
562,Caye,Pidgen,cpidgenfl@canalblog.com,Female,100.0.251.110
563,Janean,Bugge,jbuggefm@discovery.com,Female,62.113.193.129
564,Goldina,Sysland,gsyslandfn@who.int,Female,146.232.77.107
565,Sidney,Cradoc,scradocfo@vimeo.com,Non-binary,247.151.44.159
566,Kippie,,krumkefp@odnoklassniki.ru,Bigender,123.39.31.245
567,Gian,Riddle,,Male,64.252.186.190
568,Sam,Bullon,sbullonfr@dion.ne.jp,Male,168.106.90.141
569,Marlowe,Baitey,mbaiteyfs@comsenz.com,Male,233.57.80.95
570,Salmon,Steedman,,Male,162.190.126.3
571,Jody,Westhoff,jwesthofffu@a8.net,Male,120.175.114.235
572,Si,,sphilippsfv@indiegogo.com,Male,181.51.12.104
573,Aldis,Mateos,,Male,227.231.87.80
574,Fabe,,ftunacliftfx@wunderground.com,Male,173.194.230.200
575,Moreen,St. Paul,mstpaulfy@goo.ne.jp,Female,246.190.149.43
576,Roscoe,Basden,rbasdenfz@cnn.com,Male,224.51.194.111
,Waneta,Stolle,wstolleg0@soundcloud.com,Female,54.36.217.185
578,,Adnet,aadnetg1@addthis.com,Female,40.108.84.185
,Tybalt,Wisdom,twisdomg2@woothemes.com,Male,165.68.208.104
580,Vince,Mioni,vmionig3@opensource.org,Male,29.204.190.33
581,Ardisj,Varndell,avarndellg4@amazon.com,Female,39.184.239.55
582,Morgun,Mitro,mmitrog5@bloomberg.com,Male,137.247.169.195
583,Davida,,dambrozikg6@columbia.edu,Female,180.88.116.30
584,Adrianna,Basley,abasleyg7@myspace.com,Non-binary,131.86.182.208
585,Evyn,Kemmis,ekemmisg8@noaa.gov,Genderfluid,187.65.79.178
586,Antonin,Brenneke,abrennekeg9@issuu.com,Male,225.7.84.127
587,,,,Female,222.147.133.20
588,Birgitta,Karolewski,bkarolewskigb@tripadvisor.com,Female,232.55.60.115
589,Homer,Fawcus,hfawcusgc@economist.com,Male,60.112.205.207
590,Dyan,Crowcher,dcrowchergd@europa.eu,Female,224.153.225.177
591,Travus,,tizonge@livejournal.com,Male,136.128.118.146
592,Chandra,Pourvoieur,cpourvoieurgf@xing.com,Non-binary,172.127.160.114
593,Augustina,Coade,acoadegg@examiner.com,Female,221.17.214.232
594,Marquita,Roast,mroastgh@bbb.org,Female,25.150.29.121
595,,Sedworth,dsedworthgi@csmonitor.com,Male,59.154.248.108
596,Mary,Nelles,mnellesgj@sun.com,Female,160.16.137.70
597,Sullivan,Carr,scarrgk@economist.com,Male,195.243.69.181
598,Samson,McPake,smcpakegl@topsy.com,Male,192.99.36.202
599,Gerry,Cainey,gcaineygm@list-manage.com,Male,64.118.27.122
600,Carol,,clenschgn@exblog.jp,Polygender,30.216.128.108
601,Car,Absalom,cabsalomgo@mozilla.com,Male,6.123.33.174
602,Raleigh,McCray,rmccraygp@answers.com,Male,35.138.101.231
603,Dana,Duxbury,dduxburygq@nationalgeographic.com,Bigender,238.100.217.186
604,Whit,Spaule,wspaulegr@apache.org,Male,116.71.30.28
605,Sabra,Shirer,sshirergs@usnews.com,Genderqueer,145.110.193.10
606,Heddi,Mateus,hmateusgt@arstechnica.com,Genderqueer,253.182.42.243
607,Margaretha,Johnson,mjohnsongu@wikimedia.org,Female,74.83.18.17
608,Devina,Lelande,dlelandegv@oracle.com,Non-binary,134.112.224.98
609,Edgar,Redihalgh,eredihalghgw@smugmug.com,Male,135.127.32.75
610,,Kristiansen,dkristiansengx@opensource.org,Male,32.39.94.117
611,Lazarus,Tzarkov,ltzarkovgy@simplemachines.org,Male,10.113.14.227
612,Peggi,Diamant,pdiamantgz@vkontakte.ru,Female,94.215.188.242
613,Eugen,Melhuish,,Male,240.49.22.215
614,Ives,Camelia,icameliah1@discovery.com,Male,132.158.126.107
615,Fionnula,Balsdone,fbalsdoneh2@yolasite.com,Genderqueer,213.53.154.222
616,Dagny,Albisser,dalbisserh3@privacy.gov.au,Male,172.57.93.82
617,Euell,,epolettoh4@reuters.com,Male,14.243.240.110
618,Sax,Harlin,sharlinh5@examiner.com,Male,204.233.69.109
619,,Silcox,jsilcoxh6@disqus.com,Female,44.11.158.110
620,Hunter,Scandred,hscandredh7@gnu.org,Male,51.20.23.19
621,Kimball,Kobierski,kkobierskih8@ask.com,Male,144.191.142.64
622,Lyndell,Rahill,lrahillh9@amazon.de,Female,200.123.187.36
623,Hilary,Terran,hterranha@cocolog-nifty.com,Female,103.14.12.202
624,Bradney,Amort,bamorthb@archive.org,Male,168.128.83.181
625,Concettina,Sheber,csheberhc@webnode.com,Female,190.4.31.9
626,Raine,Quarless,rquarlesshd@baidu.com,Female,38.183.3.42
,Baudoin,Fitton,bfittonhe@i2i.jp,Male,239.152.139.17
628,Annabelle,Longbottom,alongbottomhf@bizjournals.com,Female,51.24.91.12
629,,Colloby,mcollobyhg@google.pl,Female,169.239.203.78
630,Cornie,Derdes,cderdeshh@ehow.com,Male,125.81.83.61
631,Brand,Rigeby,brigebyhi@elegantthemes.com,Male,14.90.124.254
632,Selle,Hatje,shatjehj@bing.com,Female,254.219.111.150
633,Sayre,Denne,sdennehk@google.it,Male,15.68.154.136
634,Bobinette,Churching,bchurchinghl@mit.edu,Female,250.91.78.181
635,,Tompsett,ftompsetthm@spotify.com,Male,126.104.224.74
,Robb,MacLucais,rmaclucaishn@1688.com,Male,35.105.138.40
637,Nola,,nfeavyourho@wikia.com,Female,169.159.101.109
638,Julina,Behr,jbehrhp@umich.edu,Female,193.38.70.148
639,Iolande,,ilemmonhq@newyorker.com,Female,228.132.141.178
640,Rocky,Statham,rstathamhr@ft.com,Male,97.242.2.214
641,Ernestine,Roisen,eroisenhs@free.fr,Female,183.50.115.192
642,Aldwin,Esposi,aesposiht@wikia.com,Male,185.151.95.255
643,Torr,Gorioli,,Male,24.198.247.115
644,Rance,Finessy,rfinessyhv@marketwatch.com,Male,190.201.37.239
645,Rory,McAlpine,rmcalpinehw@friendfeed.com,Male,75.34.46.204
646,Kaylil,Miko,kmikohx@ed.gov,Female,199.137.221.151
,Thomas,Reape,treapehy@freewebs.com,Male,238.194.97.89
648,Dorette,Sandal,dsandalhz@techcrunch.com,Female,136.255.186.204
649,Locke,Cressar,lcressari0@blogspot.com,Male,88.153.253.222
650,Dillon,Garstan,dgarstani1@adobe.com,Male,37.230.144.74
651,Bertine,Bickers,bbickersi2@blogtalkradio.com,Polygender,77.195.254.173
652,,Kenvin,akenvini3@t-online.de,Bigender,52.177.79.204
653,Abagael,Dolder,adolderi4@sourceforge.net,Non-binary,13.95.236.114
654,Anton,,aswiffini5@bigcartel.com,Male,67.117.191.15
655,Dame,Marks,dmarksi6@google.es,Male,206.172.113.114
656,,Scarratt,ascarratti7@house.gov,Female,109.186.155.31
657,Amandie,Kollasch,akollaschi8@livejournal.com,Female,240.23.81.225
658,Prinz,,pwipperi9@columbia.edu,Male,187.205.42.183
659,Oona,Malloch,omallochia@sogou.com,Female,137.79.97.32
660,Jephthah,Hayto,jhaytoib@sakura.ne.jp,Male,67.156.112.48
661,Norton,Du Fray,ndufrayic@google.co.uk,Male,224.249.173.138
662,Wilmer,Sommersett,wsommersettid@dmoz.org,Male,181.34.20.197
663,Cece,,ckahnie@imgur.com,Male,194.188.12.216
,,Stemson,rstemsonif@wikimedia.org,Female,179.49.237.173
665,Cari,Dregan,cdreganig@sun.com,Female,217.235.22.115
666,Alberik,Koschke,akoschkeih@ucsd.edu,Male,132.6.61.9
667,Nicolle,Petett,npetettii@1688.com,Female,141.152.97.184
668,Marena,Belitz,mbelitzij@mlb.com,Agender,204.21.180.84
,Gus,Armand,garmandik@bbc.co.uk,Male,163.5.37.139
670,Hebert,Scholig,hscholigil@dyndns.org,Male,219.78.169.209
671,Eden,Aubri,eaubriim@i2i.jp,Female,78.199.172.140
672,,Edgell,aedgellin@ehow.com,Male,199.190.131.195
673,Melisent,MacCague,mmaccagueio@t.co,Female,93.126.24.99
674,Gregg,Heinreich,gheinreichip@huffingtonpost.com,Male,130.171.7.181
675,Flss,Imrie,fimrieiq@hexun.com,Female,147.241.196.204
676,Ronnica,Skottle,rskottleir@acquirethisname.com,Female,154.245.231.55
677,,Batham,abathamis@blogger.com,Genderqueer,214.116.95.149
678,Cathy,Heck,checkit@umich.edu,Bigender,7.39.76.61
679,Willetta,Coggell,wcoggelliu@wikimedia.org,Female,123.138.7.17
,Wesley,Sanja,wsanjaiv@deliciousdays.com,Male,105.131.187.121
681,Read,Lansdale,rlansdaleiw@google.pl,Male,138.24.189.132
682,Towny,Vasenkov,tvasenkovix@wikispaces.com,Male,115.110.171.244
683,Noble,,nblachfordiy@latimes.com,Male,82.218.77.188
684,Clem,,,Male,73.103.118.197
685,Myra,Headings,mheadingsj0@scientificamerican.com,Female,134.92.142.224
686,Derick,Spencer,dspencerj1@ftc.gov,Male,46.101.191.73
687,Agace,Thorwarth,athorwarthj2@xinhuanet.com,Female,173.176.189.109
688,Nettle,Danilyak,ndanilyakj3@github.com,Female,188.133.122.178
689,Rutledge,,,Male,78.162.208.231
690,Ezri,Yacobsohn,eyacobsohnj5@usgs.gov,Male,230.74.141.227
691,,Shimoni,kshimonij6@barnesandnoble.com,Female,121.41.58.155
692,Arvin,Pietsma,apietsmaj7@ucoz.com,Male,21.54.133.204
693,,Ornils,vornilsj8@issuu.com,Male,5.215.44.159
694,Lonee,Kinnane,lkinnanej9@example.com,Female,212.174.125.186
695,Sonia,Willder,swillderja@infoseek.co.jp,Female,94.120.63.183
696,Gerhardine,Yes,gyesjb@webnode.com,Female,26.10.75.41
697,Maureene,Luney,mluneyjc@ucla.edu,Female,240.26.154.220
,Den,Gullivent,dgulliventjd@nasa.gov,Male,95.138.48.23
699,Bathsheba,Swait,bswaitje@census.gov,Female,16.228.39.42
700,Jessika,Davidow,jdavidowjf@samsung.com,Female,49.65.31.91
701,Jamesy,Exter,jexterjg@mozilla.org,Male,26.15.144.193
702,Aksel,Arnold,aarnoldjh@godaddy.com,Male,234.68.208.207
703,Demetris,Dimitrijevic,ddimitrijevicji@walmart.com,Polygender,245.124.89.181
704,L;urette,Qusklay,lqusklayjj@exblog.jp,Female,195.197.227.180
705,Darda,Mityushin,dmityushinjk@ustream.tv,Female,37.214.85.240
706,Melony,London,mlondonjl@ted.com,Female,39.97.171.213
707,Ulrich,MacConchie,umacconchiejm@cnet.com,Male,34.164.51.203
708,Antonia,Southwood,asouthwoodjn@latimes.com,Female,137.106.229.195
709,Enrico,,edufferjo@marriott.com,Male,211.90.93.118
,Shaine,Childe,schildejp@biblegateway.com,Female,84.17.1.118
711,,Brown,sbrownjq@businessweek.com,Male,171.241.255.42
712,Siana,Kyffin,skyffinjr@blogger.com,Female,174.123.253.10
713,Lenette,Gutridge,lgutridgejs@yandex.ru,Female,246.171.29.30
714,Isaac,Melley,imelleyjt@edublogs.org,Male,184.130.139.19
715,Bourke,Macewan,bmacewanju@bloglovin.com,Male,16.105.71.241
716,,Craggs,icraggsjv@flavors.me,Female,84.184.237.205
717,Niki,Raphael,nraphaeljw@imageshack.us,Female,202.251.9.208
718,,Abbado,gabbadojx@webeden.co.uk,Male,117.140.65.67
719,Lonnie,Hiorn,lhiornjy@histats.com,Bigender,212.136.82.155
720,Ernaline,Terzi,eterzijz@japanpost.jp,Female,192.38.108.231
721,Yvor,Twopenny,ytwopennyk0@hud.gov,Male,68.131.247.80
722,Tuckie,Winskill,twinskillk1@baidu.com,Male,223.20.91.202
,Annis,Danes,adanesk2@51.la,Female,188.238.57.32
724,Ruprecht,Tankin,rtankink3@kickstarter.com,Male,251.104.18.163
725,Joscelin,Bridgewood,jbridgewoodk4@dot.gov,Female,244.86.41.10
726,Barnett,Westcot,bwestcotk5@goo.ne.jp,Male,106.131.213.143
727,Spense,Ames,samesk6@shop-pro.jp,Male,220.167.208.119
728,Morse,,mrookebyk7@sina.com.cn,Male,201.57.202.61
729,Cammie,Crew,ccrewk8@drupal.org,Female,148.29.171.36
730,Theodosia,Neary,,Female,80.207.71.215
731,Abagail,Irvine,,Female,101.234.132.184
732,Andriana,Wyrall,awyrallkb@theatlantic.com,Female,224.19.194.176
733,Brendis,Jewett,bjewettkc@sphinn.com,Male,210.93.55.38
734,,Fishby,gfishbykd@theglobeandmail.com,Female,233.247.151.180
735,,Hairyes,yhairyeske@chronoengine.com,Male,124.202.192.37
736,Fay,Hampshire,fhampshirekf@cdc.gov,Female,223.204.213.229
737,Rock,Crowest,rcrowestkg@nationalgeographic.com,Male,53.30.93.227
738,Zelma,Ferrettino,zferrettinokh@1und1.de,Female,142.226.230.66
739,Minta,Nodes,mnodeski@arstechnica.com,Female,213.242.33.203
740,Thorsten,Harme,,Genderqueer,23.69.39.121
741,Marilin,Boltwood,mboltwoodkk@infoseek.co.jp,Female,1.255.170.144
742,Lonnie,Waudby,,Male,21.0.169.166
743,Abby,Goodswen,,Male,97.166.252.163
744,Kennie,Johnigan,kjohnigankn@blog.com,Male,145.77.5.230
745,Alecia,Main,amainko@google.com,Female,157.75.152.254
746,Heloise,,hmacgillicuddykp@odnoklassniki.ru,Female,127.148.179.11
747,Colver,Speedy,cspeedykq@elegantthemes.com,Bigender,103.49.216.91
748,Gwenore,,gkornilovkr@google.com.br,Female,19.117.97.24
749,,Werndly,pwerndlyks@ucoz.ru,Male,243.63.248.19
750,Shelagh,Keys,skeyskt@prlog.org,Female,221.148.189.78
751,Thain,Skettles,tskettlesku@squidoo.com,Male,143.167.39.122
752,Nev,,nandreskv@blogspot.com,Male,155.46.166.57
753,Lexine,Fairall,lfairallkw@dmoz.org,Female,99.191.227.230
754,,Nys,gnyskx@umn.edu,Male,138.173.153.227
755,Almeda,,ahitterky@wikipedia.org,Female,58.214.177.174
756,Arlie,Bea,abeakz@skype.com,Female,110.140.228.93
,Stephani,McBeath,smcbeathl0@google.com,Agender,13.4.115.48
758,Rani,Eley,releyl1@ameblo.jp,Female,101.44.5.173
759,Carlin,Andreia,candreial2@jugem.jp,Male,155.177.1.193
760,Dan,Prisley,dprisleyl3@baidu.com,Male,165.237.38.36
761,Rriocard,Mateuszczyk,rmateuszczykl4@mapy.cz,Male,171.57.163.169
762,Yolane,Meadus,,Female,205.189.52.37
763,,Moffat,mmoffatl6@go.com,Female,78.92.221.192
764,,McKillop,,Male,119.45.113.242
765,Danielle,Cristoforo,dcristoforol8@ft.com,Female,64.212.136.52
766,Imogene,Osant,iosantl9@goodreads.com,Female,13.139.56.80
767,Stern,Gladtbach,sgladtbachla@google.com,Male,152.156.133.15
768,Rosie,Petlyura,rpetlyuralb@nasa.gov,Female,70.127.85.161
769,Cathy,Argo,cargolc@nydailynews.com,Female,219.107.209.178
770,Land,Iamittii,liamittiild@edublogs.org,Male,253.51.3.95
771,Isadora,Santon,isantonle@msn.com,Polygender,69.145.191.61
772,Valeda,Darrigone,vdarrigonelf@eventbrite.com,Female,233.139.20.64
,Brett,Jahnke,bjahnkelg@a8.net,Male,250.33.58.58
774,Roi,Kendrick,rkendricklh@soundcloud.com,Agender,70.185.90.251
775,Prentice,,pbyronli@amazon.co.jp,Male,119.130.79.16
776,Obediah,Whiteway,owhitewaylj@nytimes.com,Male,129.159.70.8
,Herschel,Thow,,Male,125.108.201.122
778,Marlin,Vincent,mvincentll@nsw.gov.au,Male,86.135.127.59
779,Rafferty,Grishkov,,Male,101.91.173.106
,Nancey,Van T'Hoog,nvanthoogln@adobe.com,Female,149.182.78.181
781,Carny,Challender,cchallenderlo@buzzfeed.com,Male,85.25.162.189
,Aarika,Verrill,averrilllp@infoseek.co.jp,Female,24.13.18.55
783,Heinrick,Mellonby,hmellonbylq@odnoklassniki.ru,Male,212.37.38.229
784,Wally,Hiland,whilandlr@tinyurl.com,Male,200.184.149.204
,Vernice,Gioan,vgioanls@people.com.cn,Non-binary,182.226.68.30
,Vittoria,Dubose,vduboselt@ed.gov,Female,140.93.109.167
787,Murry,Speaks,mspeakslu@taobao.com,Male,221.2.127.205
788,,Tittletross,wtittletrosslv@vkontakte.ru,Female,135.110.38.216
789,Laurie,Owens,lowenslw@51.la,Female,92.118.109.154
790,Yancey,Brashier,ybrashierlx@flavors.me,Male,212.188.115.204
791,Dill,Duckitt,dduckittly@elpais.com,Genderfluid,231.213.141.107
792,Hammad,Shoreson,hshoresonlz@slideshare.net,Male,57.135.25.107
793,Joelle,Kilrow,jkilrowm0@cocolog-nifty.com,Female,92.254.28.234
794,Audy,Lewzey,alewzeym1@cloudflare.com,Female,16.126.235.96
795,Tracey,Vause,tvausem2@telegraph.co.uk,Male,69.164.177.23
796,Lacie,Riccetti,lriccettim3@ebay.co.uk,Female,41.84.210.232
797,Kele,,kdilaweym4@usda.gov,Male,142.182.235.145
798,Shawn,MacGruer,smacgruerm5@biblegateway.com,Male,84.226.51.167
799,Lisette,Sysland,lsyslandm6@intel.com,Female,103.64.143.0
800,Xenia,Rickaert,,Female,59.231.229.178
801,Emmalynn,Angrick,eangrickm8@china.com.cn,Female,142.165.165.197
802,,Kleint,ekleintm9@ihg.com,Male,11.51.232.37
803,Boniface,Fautly,bfautlyma@google.com.br,Male,141.229.206.107
804,Fawne,Wittey,fwitteymb@timesonline.co.uk,Female,209.56.162.221
805,Farra,Flahive,fflahivemc@si.edu,Female,52.156.32.240
806,Kissee,Grigs,kgrigsmd@tripadvisor.com,Female,237.10.144.67
807,,Carmel,ccarmelme@woothemes.com,Male,169.180.201.10
808,Dennie,Faithorn,,Male,243.156.47.170
809,Ardenia,Ridsdole,aridsdolemg@uol.com.br,Female,97.110.161.89
810,Delly,Shynn,,Female,64.177.88.132
811,Mary,Esselin,messelinmi@php.net,Agender,113.255.27.148
812,Bartel,Dumblton,bdumbltonmj@amazonaws.com,Male,9.57.89.252
,Brenda,Twyning,btwyningmk@marriott.com,Agender,148.239.243.214
814,Rozella,Grunnill,rgrunnillml@vinaora.com,Female,228.208.120.235
815,Emerson,Sidebotham,esidebothammm@4shared.com,Male,253.217.13.217
816,Etan,Comi,ecomimn@rambler.ru,Male,73.150.186.33
817,Conant,,cbloommo@cpanel.net,Male,192.252.213.83
818,Lorne,Bacher,lbachermp@cnet.com,Male,67.75.172.212
819,Scarface,Peaseman,speasemanmq@china.com.cn,Male,55.37.3.186
820,Julian,Thornbarrow,jthornbarrowmr@intel.com,Male,18.250.4.6
821,Rosemary,,rhyltonms@com.com,Female,125.193.23.185
822,Davina,Padefield,dpadefieldmt@comcast.net,Female,123.16.34.102
,Orlando,Daintrey,odaintreymu@netvibes.com,Male,168.218.23.89
824,Gertrude,,gmcmainsmv@smh.com.au,Female,204.191.211.181
825,Nyssa,Younglove,nyounglovemw@myspace.com,Female,52.252.174.194
826,Terry,Lindenbaum,tlindenbaummx@mtv.com,Male,34.99.212.48
827,Mariam,Nerheny,mnerhenymy@washingtonpost.com,Female,65.49.249.177
828,Holly,Cettell,hcettellmz@marriott.com,Female,21.215.183.116
829,Agneta,Deble,adeblen0@narod.ru,Female,251.154.209.29
830,Fax,Cleland,fclelandn1@aboutads.info,Male,136.243.141.128
831,Siouxie,Orth,sorthn2@virginia.edu,Genderqueer,71.11.49.139
832,Mannie,Guesford,mguesfordn3@ted.com,Male,6.163.53.149
,Regan,Scholcroft,rscholcroftn4@google.es,Male,134.118.64.50
834,Lola,Bartke,lbartken5@hc360.com,Female,111.13.96.251
835,Derick,Quincee,dquinceen6@google.com.hk,Male,14.87.116.82
836,Jonie,Ikin,jikinn7@google.com.hk,Female,240.121.95.19
837,Betta,Pickover,bpickovern8@angelfire.com,Female,66.222.137.154
838,Jessie,,jtownrown9@lycos.com,Female,206.195.192.103
839,Evangeline,Symcoxe,esymcoxena@rambler.ru,Female,250.18.94.59
840,Roddie,Webbe,rwebbenb@baidu.com,Male,220.1.238.56
841,Grissel,Gowthorpe,ggowthorpenc@examiner.com,Female,99.50.128.88
,Anneliese,Tubble,atubblend@ameblo.jp,Female,214.194.201.146
843,Felike,Drewry,fdrewryne@163.com,Male,58.45.89.56
844,,,zelgoodnf@gov.uk,Male,66.174.131.55
845,Hubey,Renwick,hrenwickng@ftc.gov,Non-binary,203.136.241.33
,Harlen,Inworth,hinworthnh@tumblr.com,Male,23.234.137.144
847,Obadias,,ovanderstraatenni@nifty.com,Male,127.111.146.62
848,Brand,,bmazzillinj@scribd.com,Male,96.104.128.145
849,,,yjobbinsnk@liveinternet.ru,Female,36.51.138.37
850,Korie,Giametti,kgiamettinl@ucoz.ru,Bigender,16.194.190.192
851,Brice,Coleyshaw,bcoleyshawnm@moonfruit.com,Male,84.131.42.239
852,Robinette,Syddall,rsyddallnn@w3.org,Female,44.116.130.92
853,Juliann,Kilbourn,jkilbournno@de.vu,Female,24.194.145.131
854,Gussy,Feitosa,gfeitosanp@imgur.com,Female,148.56.153.198
855,,Pietrasik,jpietrasiknq@creativecommons.org,Female,229.81.164.28
856,Luci,Lumpkin,llumpkinnr@nyu.edu,Bigender,124.179.113.230
857,Theda,Hynes,,Female,55.88.208.76
858,Ree,Hans,rhansnt@elegantthemes.com,Female,90.214.37.80
859,Sutherlan,,sburlnu@house.gov,Male,53.124.159.115
860,Bryn,Scotter,bscotternv@walmart.com,Male,47.118.3.64
861,Cloe,Stevings,cstevingsnw@weebly.com,Female,54.218.45.161
862,Ealasaid,Roycroft,eroycroftnx@privacy.gov.au,Female,205.171.247.36
863,Skippy,Fipp,sfippny@ucla.edu,Bigender,81.218.124.31
864,Todd,Eagers,teagersnz@reverbnation.com,Male,20.156.85.6
865,Shel,Creeber,,Female,62.223.219.190
866,Edith,Robertazzi,erobertazzio1@diigo.com,Female,120.170.229.192
867,Loree,Arnolds,larnoldso2@msn.com,Female,141.114.108.187
868,Alonzo,Durtnell,adurtnello3@microsoft.com,Male,208.137.176.206
869,Meryl,Sowersby,msowersbyo4@cam.ac.uk,Male,201.10.219.49
870,Leopold,Rasher,lrashero5@statcounter.com,Male,32.180.192.95
871,Ira,Boundey,iboundeyo6@businessweek.com,Female,3.148.97.229
872,Annie,Erni,aernio7@umn.edu,Female,102.74.60.126
873,Harland,Berthome,hberthomeo8@stanford.edu,Genderfluid,212.20.7.246
874,Marieann,Ornils,mornilso9@over-blog.com,Female,110.188.241.188
875,Leandra,Ahern,lahernoa@macromedia.com,Female,178.204.167.25
876,Janith,Gogin,jgoginob@meetup.com,Female,99.138.106.81
877,Mariska,Lemanu,mlemanuoc@netlog.com,Female,165.114.70.156
,Kalie,,kwohlersod@goo.ne.jp,Female,202.216.106.33
,Luther,Caverhill,lcaverhilloe@ucsd.edu,Male,37.28.70.180
880,Carmen,Oluwatoyin,coluwatoyinof@privacy.gov.au,Female,134.132.130.96
881,Netta,Poinsett,npoinsettog@blogger.com,Female,191.124.15.38
882,Curran,,cskinneroh@studiopress.com,Male,179.182.250.188
883,Mikel,Pues,mpuesoi@over-blog.com,Male,46.136.76.4
884,Alison,Varker,avarkeroj@com.com,Female,103.189.11.182
885,Mattias,Fandrey,mfandreyok@accuweather.com,Male,169.209.204.99
886,Langston,Savill,lsavillol@sciencedaily.com,Non-binary,212.134.30.254
887,Lacie,Poundsford,lpoundsfordom@weather.com,Female,254.36.223.157
888,Martguerita,Beedell,mbeedellon@shinystat.com,Female,171.67.66.188
889,Zacherie,Alsina,zalsinaoo@wix.com,Male,192.134.35.225
890,Camel,Hamm,chammop@state.tx.us,Female,165.53.61.152
891,Cynthy,Hildred,childredoq@creativecommons.org,Female,76.213.253.36
892,Jacky,Kennaway,jkennawayor@wikimedia.org,Female,143.232.52.113
893,Zaneta,Sandal,zsandalos@scientificamerican.com,Female,169.57.42.13
894,Major,Bleyman,mbleymanot@newsvine.com,Male,67.20.18.189
895,Gene,,gmarkelou@springer.com,Agender,241.231.173.163
896,Rogerio,Redhead,rredheadov@hud.gov,Male,153.192.89.135
897,Jae,,jdamrellow@oaic.gov.au,Bigender,208.138.168.32
898,Herculie,,hsheasbyox@weibo.com,Male,226.54.5.100
899,,,lwarbeyoy@umich.edu,Male,176.185.45.204
900,Charmain,Ladbrook,cladbrookoz@time.com,Female,7.71.89.176
901,Ole,De Cleyne,odecleynep0@accuweather.com,Polygender,214.100.222.47
902,Kelley,Walklett,kwalklettp1@multiply.com,Male,195.252.16.68
903,Bartolemo,Matyja,bmatyjap2@sohu.com,Male,231.235.218.34
904,Yetty,Baptist,ybaptistp3@vistaprint.com,Female,63.60.170.247
905,Sayre,Longhurst,slonghurstp4@angelfire.com,Female,233.235.83.108
906,Vachel,Lochead,vlocheadp5@wufoo.com,Male,0.239.177.183
907,Lenee,Plaschke,lplaschkep6@ucoz.ru,Female,107.234.193.167
908,Auria,Tonner,,Female,32.11.242.38
909,Eldredge,Garthland,egarthlandp8@harvard.edu,Male,216.21.141.157
910,Gasparo,Urling,gurlingp9@stanford.edu,Male,24.223.119.141
911,Trumaine,Frame,tframepa@bizjournals.com,Male,25.19.230.38
912,,Dayne,fdaynepb@nps.gov,Male,186.195.184.196
913,Dallis,Sheehan,dsheehanpc@twitter.com,Male,210.43.138.144
914,Sheri,Brafferton,sbraffertonpd@mozilla.org,Female,42.53.35.247
915,Stearne,Pinor,spinorpe@blog.com,Male,198.34.203.65
916,Cindie,Yuranovev,cyuranovevpf@webs.com,Female,123.74.38.106
917,Ewart,Gregg,egreggpg@drupal.org,Male,163.73.30.121
918,Nathan,Scammonden,nscammondenph@yellowbook.com,Male,63.64.114.146
919,Ardine,De Meyer,ademeyerpi@fc2.com,Female,201.198.197.40
920,Glynnis,Poad,gpoadpj@illinois.edu,Female,101.196.214.32
921,Rachele,Leeman,rleemanpk@wikimedia.org,Female,62.74.11.233
922,Cole,Bursnoll,cbursnollpl@arstechnica.com,Male,197.37.54.205
923,Charley,Shugg,cshuggpm@bbc.co.uk,Male,145.23.215.158
924,,Rearie,preariepn@cocolog-nifty.com,Male,224.176.108.169
925,Dylan,O' Ronan,,Male,41.12.159.50
926,,Andriesse,dandriessepp@webeden.co.uk,Female,10.64.158.123
927,Kerwinn,Tenniswood,ktenniswoodpq@baidu.com,Male,181.101.231.202
928,,Sizland,ksizlandpr@feedburner.com,Genderqueer,30.122.167.156
,Fabian,Overell,foverellps@icq.com,Male,76.9.224.24
930,,,pwiltshierpt@wufoo.com,Male,110.98.148.220
931,Kenny,Kissick,kkissickpu@4shared.com,Male,159.145.65.20
932,Mindy,Abarough,mabaroughpv@oaic.gov.au,Female,1.168.181.202
933,Maurie,Lory,mlorypw@amazonaws.com,Male,120.162.88.233
934,Gasparo,Girardi,ggirardipx@sfgate.com,Male,76.40.203.243
935,Nettie,Camillo,,Female,83.171.67.196
936,Rozelle,Mutimer,rmutimerpz@guardian.co.uk,Polygender,184.77.127.236
937,Tallie,Benley,tbenleyq0@blog.com,Male,225.85.189.157
938,,Bringloe,dbringloeq1@sitemeter.com,Male,222.207.189.242
939,,Mc Trusty,wmctrustyq2@yahoo.com,Female,47.161.30.171
940,Anselm,Churchin,achurchinq3@wikia.com,Male,202.11.129.58
941,Fraze,Verdun,fverdunq4@elegantthemes.com,Male,144.250.214.1
942,Jo-ann,Stanyforth,jstanyforthq5@salon.com,Female,254.104.189.212
943,Ertha,Westbrook,ewestbrookq6@upenn.edu,Female,114.156.163.97
944,Waverley,Tetla,wtetlaq7@github.io,Male,176.233.48.65
945,Janella,Romaynes,jromaynesq8@shinystat.com,Female,214.91.166.117
946,,Jouanet,djouanetq9@npr.org,Male,42.12.51.50
947,Ker,Treweek,ktreweekqa@ucsd.edu,Male,2.222.171.153
948,,Grzeskowski,agrzeskowskiqb@japanpost.jp,Female,216.197.129.89
949,Margaret,Dunston,mdunstonqc@friendfeed.com,Female,210.48.116.7
950,Obed,Ouldcott,oouldcottqd@desdev.cn,Male,170.10.217.188
,Cynthie,Rego,,Female,96.224.110.199
952,Robin,Euplate,reuplateqf@washington.edu,Genderqueer,234.212.236.60
953,Montague,Shurey,mshureyqg@washingtonpost.com,Male,22.47.19.112
954,Dosi,Grindrod,dgrindrodqh@twitpic.com,Female,254.178.112.64
955,,Brisset,,Female,63.184.16.77
956,Bobby,Housam,bhousamqj@livejournal.com,Male,235.135.109.28
957,Homere,Balam,hbalamqk@paginegialle.it,Male,82.86.82.104
958,Kellia,Barosch,kbaroschql@infoseek.co.jp,Female,8.73.21.3
959,Wayland,Blowers,wblowersqm@mozilla.com,Male,135.74.232.22
960,Esma,Mitham,emithamqn@cisco.com,Genderqueer,123.130.51.69
961,Davon,,dgoslinqo@google.cn,Male,180.138.70.56
962,Morton,,mshrubbqp@webs.com,Male,11.106.45.17
963,Avie,Hazzard,ahazzardqq@newyorker.com,Female,75.235.180.127
964,Gino,Malia,gmaliaqr@hao123.com,Male,79.164.44.72
965,,,raldersqs@springer.com,Female,253.102.189.179
966,Abbi,Wiggett,awiggettqt@nbcnews.com,Female,188.219.90.203
967,Rosalie,Whyborn,rwhybornqu@ed.gov,Bigender,2.21.103.188
968,Rey,,rlyesqv@weather.com,Polygender,81.218.209.117
969,Kippie,Ducarne,kducarneqw@freewebs.com,Male,82.134.161.168
970,Darb,Wyper,dwyperqx@wp.com,Genderqueer,197.34.102.96
971,Aime,Lidgley,alidgleyqy@ovh.net,Non-binary,203.218.153.130
972,,Randall,arandallqz@is.gd,Male,182.170.182.43
973,Cole,Wisdish,cwisdishr0@alexa.com,Male,66.139.25.205
,Tiler,Ashfold,tashfoldr1@taobao.com,Male,159.101.7.255
975,Odie,Sygrove,osygrover2@ox.ac.uk,Male,188.201.210.35
976,Hussein,,harendsr3@kickstarter.com,Male,5.228.106.94
977,Inez,Deniset,idenisetr4@huffingtonpost.com,Female,103.6.107.132
978,Thomasa,Monget,tmongetr5@blogger.com,Female,44.212.5.9
979,Carolynn,,cdurbynr6@wisc.edu,Female,240.217.79.170
980,Enrique,Klausen,eklausenr7@time.com,Male,58.219.173.41
981,Harry,Porcher,hporcherr8@tamu.edu,Male,105.48.4.49
982,Andie,D'Agostino,adagostinor9@mlb.com,Male,246.238.145.77
983,Marijn,Pickance,mpickancera@fastcompany.com,Male,62.106.60.90
984,Ilene,Warlaw,iwarlawrb@topsy.com,Female,69.251.39.151
985,,Brazelton,ibrazeltonrc@bloglines.com,Non-binary,83.90.185.101
986,Kettie,Stabbins,kstabbinsrd@domainmarket.com,Non-binary,220.42.93.110
987,Shell,Spaunton,sspauntonre@parallels.com,Male,35.159.144.144
988,Bendick,Posthill,bposthillrf@baidu.com,Male,88.227.206.44
989,Verene,Pratley,vpratleyrg@businessweek.com,Female,168.200.183.2
990,Cad,Askie,caskierh@sphinn.com,Male,243.115.118.25
991,Kimbell,Abells,kabellsri@de.vu,Male,68.59.180.219
992,Karmen,Rubinfajn,krubinfajnrj@google.nl,Female,8.147.216.213
993,Ramsay,Kellogg,rkelloggrk@mapy.cz,Male,41.245.184.211
994,Adela,Petrussi,apetrussirl@cbsnews.com,Genderfluid,251.241.37.188
995,Dale,Bristoe,dbristoerm@merriam-webster.com,Female,173.130.211.178
996,Erhart,Rubra,erubrarn@histats.com,Male,228.137.63.42
997,Reinhold,Fierro,rfierroro@facebook.com,Male,7.176.38.39
998,Roselle,Cronin,rcroninrp@histats.com,Female,189.173.6.71
999,Ernie,Blenkensop,eblenkensoprq@cmu.edu,Male,45.29.72.172
1000,Benedict,Orgee,borgeerr@statcounter.com,Male,206.157.127.161
